code,name,area
000783,长江证券,湖北
000821,京山轻机,湖北
600141,兴发集团,湖北
000826,启迪环境,湖北
002305,南国置业,湖北
600498,烽火通信,湖北
000627,天茂集团,湖北
000852,石化机械,湖北
002932,明德生物,湖北
002971,和远气体,湖北
002013,中航机电,湖北
600885,宏发股份,湖北
600293,三峡新材,湖北
002861,瀛通通讯,湖北
600068,葛洲坝,湖北
600345,长江通信,湖北
300323,华灿光电,湖北
603738,泰晶科技,湖北
300494,盛天网络,湖北
600184,光电股份,湖北
600993,马应龙,湖北
300046,台基股份,湖北
300278,华昌达,湖北
000966,长源电力,湖北
600260,凯乐科技,湖北
000707,ST双环,湖北
300161,华中数控,湖北
600298,安琪酵母,湖北
600275,ST昌鱼,湖北
603220,中贝通信,湖北
300018,中元股份,湖北
000883,湖北能源,湖北
002281,光迅科技,湖北
300516,久之洋,湖北
002950,奥美医疗,湖北
000759,中百集团,湖北
000785,居然之家,湖北
000422,ST宜化,湖北
600421,*ST仰帆,湖北
000615,京汉股份,湖北
000678,襄阳轴承,湖北
300536,农尚环境,湖北
600769,祥龙电业,湖北
300527,中国应急,湖北
300683,海特生物,湖北
600006,东风汽车,湖北
002783,凯龙股份,湖北
600136,当代明诚,湖北
000501,鄂武商Ａ,湖北
600568,中珠医疗,湖北
000926,福星股份,湖北
600168,武汉控股,湖北
600566,济川药业,湖北
000553,安道麦A,湖北
000988,华工科技,湖北
000520,长航凤凰,湖北
600757,长江传媒,湖北
688089,嘉必优,湖北
600107,美尔雅,湖北
600079,人福医药,湖北
000670,*ST盈方,湖北
000939,*ST凯迪,湖北
603067,振华股份,湖北
600976,健民集团,湖北
300567,精测电子,湖北
601162,天风证券,湖北
300395,菲利华,湖北
600801,华新水泥,湖北
300517,海波重科,湖北
600774,汉商集团,湖北
002414,高德红外,湖北
600681,百川能源,湖北
300041,回天新材,湖北
603719,良品铺子,湖北
300747,锐科激光,湖北
000971,*ST高升,湖北
600745,闻泰科技,湖北
603716,塞力斯,湖北
600998,九州通,湖北
600086,东方金钰,湖北
002627,宜昌交运,湖北
300387,富邦股份,湖北
300205,天喻信息,湖北
002377,国创高新,湖北
300557,理工光科,湖北
002694,顾地科技,湖北
300220,金运激光,湖北
601869,长飞光纤,湖北
002365,永安药业,湖北
300054,鼎龙股份,湖北
600035,楚天高速,湖北
002159,三特索道,湖北
000708,中信特钢,湖北
002962,五方光电,湖北
601311,骆驼股份,湖北
600355,精伦电子,湖北
000952,广济药业,湖北
300184,力源信息,湖北
300776,帝尔激光,湖北
000760,*ST斯太,湖北
000665,湖北广电,湖北
600703,三安光电,湖北
600133,东湖高新,湖北
600879,航天电子,湖北
002194,武汉凡谷,湖北
300276,三丰智能,湖北
688081,兴图新科,湖北
000902,新洋丰,湖北
